<?xml version="1.0" encoding="UTF-8"?>
<!DOCTYPE mapper PUBLIC "-//mybatis.org//DTD Mapper 3.0//EN" "http://mybatis.org/dtd/mybatis-3-mapper.dtd">
<mapper namespace="com.ezen.buybuy.mapper.AlertMapper">
	<select id="Login" parameterType="com.ezen.buybuy.entity.Members" resultType="com.ezen.buybuy.entity.Members">
		select* from members where member_id=#{member_id}
	</select>
	<select id="AlertList" resultType="com.ezen.buybuy.entity.Alert">
		select a.*,p.thumbnail_img from alert as a inner join products as p on a.product_idx=p.product_idx
		where a.member_id=#{member_id} order by a_idx desc
	</select>
	<update id="alertUpdate" parameterType="com.ezen.buybuy.entity.Alert">
		update alert set a_state=0 where a_idx=#{a_idx} and
		member_id=#{member_id};
	</update>

	<insert id="replyalert" parameterType="com.ezen.buybuy.entity.Alert">
		insert into
		alert(a_title,msg,member_id,a_url,a_state,product_idx)
		values('문의','게시물에 문의 사항이 달렸습니다',(select DISTINCT p.member_id from reply as r inner join products as p on r.product_idx=p.product_idx where r.member_id=#{member_id} LIMIT 1),'alertUpdate',1,#{product_idx});
	</insert>
	
	<insert id="replyalert2">
		insert into
		alert(a_title,msg,member_id,a_url,a_state,product_idx)
		values('문의','게시물에 문의 사항이 달렸습니다',(select member_id from products where product_idx = #{product_idx}),'alertUpdate',1,#{product_idx});
	</insert>

	<insert id="reply2alert">
		insert into
		alert(a_title,msg,member_id,a_url,a_state,product_idx)
		values('답변','게시물에 답변이 달렸습니다.',(select member_id from reply where reply_idx=#{param1}),'alertUpdate',1,#{param2});
	</insert>

	<select id="orderList" resultType="String">
			SELECT member_id FROM orders WHERE product_idx = #{product_idx};
	</select>
	
	<insert id="orderAlert" >
		insert into alert(a_title, msg, member_id, a_url, a_state, product_idx) values('주문', '주문신청이 마감되었습니다', #{param1}, 'alertUpdate', 1,#{param2});
	</insert>

</mapper>