<?xml version="1.0" encoding="UTF-8"?>
<!DOCTYPE mapper PUBLIC "-//mybatis.org//DTD Mapper 3.0//EN" "http://mybatis.org/dtd/mybatis-3-mapper.dtd">

<mapper namespace="com.ezen.buybuy.mapper.ProductMapper">

	<insert id="ProductListInsert" parameterType="com.ezen.buybuy.entity.Products">
		insert into products(member_id, product_name, original_price, discount_price, discount_rate,
		thumbnail_img, end_date, ctgr_idx, detail_img, content_state,start_date)
		values(#{member_id}, #{product_name}, #{original_price},#{discount_price}, #{discount_rate}, #{thumbnail_img}, #{end_date}, #{ctgr_idx},#{detail_img}, #{content_state},now())
	</insert>

	<select id="ProductList" resultType="com.ezen.buybuy.entity.Products">
		select *from products order by product_idx desc
	</select>

	<select id="ProductListCtgr" parameterType="int" resultType="com.ezen.buybuy.entity.Products">
		select *from products where ctgr_idx = #{ctgr_idx}
	</select>


	<select id="read" resultType="com.ezen.buybuy.entity.Products">
    SELECT products.*, members.*, categories.*
    FROM products
    INNER JOIN categories ON products.ctgr_idx = categories.ctgr_idx
    INNER JOIN members ON products.member_id = members.member_id
    WHERE products.product_idx = #{product_idx}
	</select>
	

	<update id="ProductModify" parameterType="com.ezen.buybuy.entity.Products">
		update products set
		product_name = #{product_name},
		original_price = #{original_price},
		discount_price =
		#{discount_price},
		discount_rate = #{discount_rate},
		thumbnail_img = #{thumbnail_img},
		end_date = #{end_date},
		detail_img = #{detail_img},
		content_state=#{content_state},
		ctgr_idx=#{ctgr_idx}
		where product_idx = #{product_idx}
	</update>

	<update id="ProductTimeout" parameterType="com.ezen.buybuy.entity.Products">
		update products set content_state = '마감' where product_idx = #{product_idx}
	</update>

	<delete id="ProductDelete" parameterType="int">
		delete from products where product_idx = #{product_idx}
	</delete>

	<select id="NewMain" resultType="com.ezen.buybuy.entity.Products">
		<![CDATA[select * from products where end_date > now() order by start_date asc limit #{limit}]]>
	</select>

	<select id="PopMain" resultType="com.ezen.buybuy.entity.Products">
		select p.* from products as p inner join orders as o on p.product_idx = o.product_idx where p.end_date > now()
		group by p.product_idx order by count(o.order_pcs) desc limit #{limit}
	</select>

	<select id="ProductSearch" parameterType="String" resultType="com.ezen.buybuy.entity.Products">
		select * from products where product_name like #{word}
	</select>

	<select id="SoonMain" resultType="com.ezen.buybuy.entity.Products">
		<![CDATA[select * from products where end_date > now() and content_state = '판매중' and end_date < DATE_ADD(NOW(), INTERVAL 7 DAY) order by end_date]]>
	</select>
</mapper>
