<?xml version="1.0" encoding="UTF-8"?>
<beans xmlns="http://www.springframework.org/schema/beans" xmlns:xsi="http://www.w3.org/2001/XMLSchema-instance"
	xmlns:mybatis-spring="http://mybatis.org/schema/mybatis-spring" xmlns:context="http://www.springframework.org/schema/context"
	xsi:schemaLocation="http://mybatis.org/schema/mybatis-spring http://mybatis.org/schema/mybatis-spring-1.2.xsd
      http://www.springframework.org/schema/beans https://www.springframework.org/schema/beans/spring-beans.xsd
      http://www.springframework.org/schema/context http://www.springframework.org/schema/context/spring-context-4.3.xsd">

	<!-- Root Context: defines shared resources visible to all other web components -->
	<bean class="com.zaxxer.hikari.HikariConfig" id="hikariConfig">
		<property name="driverClassName" value="com.mysql.jdbc.Driver" />
		<property name="jdbcUrl" value="jdbc:mysql://awstest4.cbbkiyfrfz9j.ap-northeast-2.rds.amazonaws.com:3306/buy" />
		<property name="username" value="admin" />
		<property name="password" value="m2uLRY7N0sGnnPjxBZIr" />
	</bean>

	<bean class="com.zaxxer.hikari.HikariDataSource" id="dataSource" destroy-method="close">
		<constructor-arg ref="hikariConfig" />
	</bean>

	<bean class="org.mybatis.spring.SqlSessionFactoryBean">
		<property name="dataSource" ref="dataSource" />
	</bean>

	<mybatis-spring:scan base-package="com.ezen.buybuy.mapper" />
</beans>